{"cameraMode":{"drawMode":0,"name":"Shaded","section":"Shading Mode"},"sceneLighting":true,"audioPlay":false,"sceneViewState":{"showFog":true,"showMaterialUpdate":false,"showSkybox":false,"showFlares":true,"showImageEffects":true,"showParticleSystems":true},"in2DMode":false,"pivot":{"x":470.650634765625,"y":-1124.427978515625,"z":797.5865478515625},"rotation":{"x":0.4091348946094513,"y":0.22279472649097444,"z":-0.10451333969831467,"w":0.8802245855331421},"size":780.0202026367188,"orthographic":false}