{"cameraMode":{"drawMode":0,"name":"Shaded","section":"Shading Mode"},"sceneLighting":false,"audioPlay":false,"sceneViewState":{"showFog":true,"showMaterialUpdate":false,"showSkybox":false,"showFlares":true,"showImageEffects":true,"showParticleSystems":true},"in2DMode":false,"pivot":{"x":-5.458704471588135,"y":0.6197429895401001,"z":-49.557395935058597},"rotation":{"x":-0.12254130095243454,"y":0.8452240228652954,"z":-0.2028028815984726,"w":-0.48199406266212466},"size":1.152493953704834,"orthographic":false}