{"cameraMode":{"drawMode":0,"name":"Shaded","section":"Shading Mode"},"sceneLighting":false,"audioPlay":false,"sceneViewState":{"showFog":true,"showMaterialUpdate":false,"showSkybox":false,"showFlares":true,"showImageEffects":true,"showParticleSystems":true},"in2DMode":false,"pivot":{"x":13.040410995483399,"y":1.8179988861083985,"z":10.384018898010254},"rotation":{"x":-0.051677439361810687,"y":0.8276570439338684,"z":-0.06507300585508347,"w":-0.5578247308731079},"size":10.563520431518555,"orthographic":false}