{"cameraMode":{"drawMode":0,"name":"Shaded","section":"Shading Mode"},"sceneLighting":true,"audioPlay":false,"sceneViewState":{"showFog":true,"showMaterialUpdate":false,"showSkybox":false,"showFlares":true,"showImageEffects":true,"showParticleSystems":true},"in2DMode":false,"pivot":{"x":-7.9686279296875,"y":40.14695739746094,"z":-86.30440521240235},"rotation":{"x":0.18074914813041688,"y":0.13241484761238099,"z":-0.02214258350431919,"w":0.974910318851471},"size":2.30210018157959,"orthographic":false}