{"cameraMode":{"drawMode":0,"name":"Shaded","section":"Shading Mode"},"sceneLighting":false,"audioPlay":false,"sceneViewState":{"showFog":true,"showMaterialUpdate":false,"showSkybox":false,"showFlares":true,"showImageEffects":true,"showParticleSystems":true},"in2DMode":false,"pivot":{"x":6.994280815124512,"y":4.417755126953125,"z":15.994804382324219},"rotation":{"x":-0.0619053915143013,"y":0.9218055605888367,"z":-0.14160944521427155,"w":-0.3598182499408722},"size":10.563520431518555,"orthographic":false}