{"cameraMode":{"drawMode":0,"name":"Shaded","section":"Shading Mode"},"sceneLighting":true,"audioPlay":false,"sceneViewState":{"showFog":true,"showMaterialUpdate":false,"showSkybox":false,"showFlares":true,"showImageEffects":true,"showParticleSystems":true},"in2DMode":false,"pivot":{"x":-234.0301513671875,"y":-297.322021484375,"z":-35.487937927246097},"rotation":{"x":-0.22389665246009828,"y":0.7452345490455627,"z":-0.30109748244285586,"w":-0.5526492595672607},"size":238.27377319335938,"orthographic":false}