{"cameraMode":{"drawMode":0,"name":"Shaded","section":"Shading Mode"},"sceneLighting":false,"audioPlay":false,"sceneViewState":{"showFog":true,"showMaterialUpdate":false,"showSkybox":false,"showFlares":true,"showImageEffects":true,"showParticleSystems":true},"in2DMode":false,"pivot":{"x":1.7228609323501588,"y":0.2823714017868042,"z":-1.8368170261383057},"rotation":{"x":-0.011569265276193619,"y":-0.9465484619140625,"z":0.03441203013062477,"w":-0.3207452893257141},"size":4.662813186645508,"orthographic":false}