{"cameraMode":{"drawMode":0,"name":"Shaded","section":"Shading Mode"},"sceneLighting":true,"audioPlay":false,"sceneViewState":{"showFog":true,"showMaterialUpdate":false,"showSkybox":false,"showFlares":true,"showImageEffects":true,"showParticleSystems":true},"in2DMode":false,"pivot":{"x":-1133.00390625,"y":-383.2854919433594,"z":28.30347442626953},"rotation":{"x":-0.12620708346366883,"y":0.6764441132545471,"z":-0.09550800174474716,"w":-0.7218645215034485},"size":628.289794921875,"orthographic":false}