{"cameraMode":{"drawMode":0,"name":"Shaded","section":"Shading Mode"},"sceneLighting":true,"audioPlay":false,"sceneViewState":{"showFog":true,"showMaterialUpdate":false,"showSkybox":false,"showFlares":true,"showImageEffects":true,"showParticleSystems":true},"in2DMode":false,"pivot":{"x":-27.220273971557618,"y":-16.092721939086915,"z":16.996925354003908},"rotation":{"x":-0.3592042028903961,"y":0.25680723786354067,"z":-0.10336896777153015,"w":-0.8920115232467651},"size":25.202409744262697,"orthographic":false}