{"cameraMode":{"drawMode":0,"name":"Shaded","section":"Shading Mode"},"sceneLighting":true,"audioPlay":false,"sceneViewState":{"showFog":true,"showMaterialUpdate":false,"showSkybox":false,"showFlares":true,"showImageEffects":true,"showParticleSystems":true},"in2DMode":false,"pivot":{"x":-255.18466186523438,"y":-239.12896728515626,"z":-104.55134582519531},"rotation":{"x":-0.1627352237701416,"y":0.8057402968406677,"z":-0.2558458745479584,"w":-0.5103264451026917},"size":238.27377319335938,"orthographic":false}