{"cameraMode":{"drawMode":0,"name":"Shaded","section":"Shading Mode"},"sceneLighting":false,"audioPlay":false,"sceneViewState":{"showFog":true,"showMaterialUpdate":false,"showSkybox":false,"showFlares":true,"showImageEffects":true,"showParticleSystems":true},"in2DMode":false,"pivot":{"x":15.759675979614258,"y":1.8994444608688355,"z":5.673933506011963},"rotation":{"x":-0.17758984863758088,"y":0.6626761555671692,"z":-0.15691186487674714,"w":-0.7125903964042664},"size":1.7785282135009766,"orthographic":false}