{"cameraMode":{"drawMode":0,"name":"Shaded","section":"Shading Mode"},"sceneLighting":true,"audioPlay":false,"sceneViewState":{"showFog":true,"showMaterialUpdate":false,"showSkybox":false,"showFlares":true,"showImageEffects":true,"showParticleSystems":true},"in2DMode":false,"pivot":{"x":161.45327758789063,"y":-1001.9749755859375,"z":750.4136352539063},"rotation":{"x":0.43190017342567446,"y":0.10783836990594864,"z":-0.0705881416797638,"w":0.8947973847389221},"size":686.1082153320313,"orthographic":false}