{"cameraMode":{"drawMode":0,"name":"Shaded","section":"Shading Mode"},"sceneLighting":true,"audioPlay":false,"sceneViewState":{"showFog":true,"showMaterialUpdate":false,"showSkybox":false,"showFlares":true,"showImageEffects":true,"showParticleSystems":true},"in2DMode":false,"pivot":{"x":-58.01968765258789,"y":65.09599304199219,"z":-12.883784294128418},"rotation":{"x":-0.35074302554130556,"y":-0.46600696444511416,"z":0.2080485224723816,"w":-0.7853323221206665},"size":46.57896041870117,"orthographic":false}