{"cameraMode":{"drawMode":0,"name":"Shaded","section":"Shading Mode"},"sceneLighting":true,"audioPlay":false,"sceneViewState":{"showFog":true,"showMaterialUpdate":false,"showSkybox":false,"showFlares":true,"showImageEffects":true,"showParticleSystems":true},"in2DMode":false,"pivot":{"x":-914.9696655273438,"y":-415.42742919921877,"z":-150.4409942626953},"rotation":{"x":-0.13472338020801545,"y":0.7393878102302551,"z":-0.15593498945236207,"w":-0.6428037881851196},"size":556.9536743164063,"orthographic":false}