{"cameraMode":{"drawMode":0,"name":"Shaded","section":"Shading Mode"},"sceneLighting":true,"audioPlay":false,"sceneViewState":{"showFog":true,"showMaterialUpdate":false,"showSkybox":false,"showFlares":true,"showImageEffects":true,"showParticleSystems":true},"in2DMode":false,"pivot":{"x":-210.43356323242188,"y":-394.20477294921877,"z":293.773681640625},"rotation":{"x":-0.37133845686912539,"y":0.37061017751693728,"z":-0.16324934363365174,"w":-0.8365069627761841},"size":293.3429870605469,"orthographic":false}