{"cameraMode":{"drawMode":0,"name":"Shaded","section":"Shading Mode"},"sceneLighting":true,"audioPlay":false,"sceneViewState":{"showFog":true,"showMaterialUpdate":false,"showSkybox":false,"showFlares":true,"showImageEffects":true,"showParticleSystems":true},"in2DMode":false,"pivot":{"x":388.99139404296877,"y":-511.22491455078127,"z":598.999755859375},"rotation":{"x":-0.2990645468235016,"y":-0.24452121555805207,"z":0.07789336889982224,"w":-0.9203214645385742},"size":450.56671142578127,"orthographic":false}