{"cameraMode":{"drawMode":0,"name":"Shaded","section":"Shading Mode"},"sceneLighting":true,"audioPlay":false,"sceneViewState":{"showFog":true,"showMaterialUpdate":false,"showSkybox":false,"showFlares":true,"showImageEffects":true,"showParticleSystems":true},"in2DMode":false,"pivot":{"x":-778.611083984375,"y":-619.3724975585938,"z":-291.6155090332031},"rotation":{"x":-0.17171694338321687,"y":0.7836834192276001,"z":-0.2483166605234146,"w":-0.5450634360313416},"size":569.5602416992188,"orthographic":false}