{"cameraMode":{"drawMode":0,"name":"Shaded","section":"Shading Mode"},"sceneLighting":true,"audioPlay":false,"sceneViewState":{"showFog":true,"showMaterialUpdate":false,"showSkybox":false,"showFlares":true,"showImageEffects":true,"showParticleSystems":true},"in2DMode":false,"pivot":{"x":-1099.92724609375,"y":-410.6360778808594,"z":360.2732238769531},"rotation":{"x":-0.13572759926319123,"y":0.5948905944824219,"z":-0.10105852782726288,"w":-0.787419319152832},"size":644.7141723632813,"orthographic":false}