{"cameraMode":{"drawMode":0,"name":"Shaded","section":"Shading Mode"},"sceneLighting":true,"audioPlay":false,"sceneViewState":{"showFog":true,"showMaterialUpdate":false,"showSkybox":false,"showFlares":true,"showImageEffects":true,"showParticleSystems":true},"in2DMode":false,"pivot":{"x":-593.290771484375,"y":-673.0192260742188,"z":-78.74966430664063},"rotation":{"x":-0.28673040866851809,"y":0.6836602687835693,"z":-0.30669140815734866,"w":-0.5999684929847717},"size":550.5682373046875,"orthographic":false}