{"cameraMode":{"drawMode":0,"name":"Shaded","section":"Shading Mode"},"sceneLighting":true,"audioPlay":false,"sceneViewState":{"showFog":true,"showMaterialUpdate":false,"showSkybox":false,"showFlares":true,"showImageEffects":true,"showParticleSystems":true},"in2DMode":false,"pivot":{"x":345.41522216796877,"y":-643.0860595703125,"z":357.5934143066406},"rotation":{"x":-0.42454442381858828,"y":-0.30251964926719668,"z":0.16324526071548463,"w":-0.8395660519599915},"size":422.77899169921877,"orthographic":false}