{"cameraMode":{"drawMode":0,"name":"Shaded","section":"Shading Mode"},"sceneLighting":true,"audioPlay":false,"sceneViewState":{"showFog":true,"showMaterialUpdate":false,"showSkybox":false,"showFlares":true,"showImageEffects":true,"showParticleSystems":true},"in2DMode":false,"pivot":{"x":-92.10054016113281,"y":-391.3702697753906,"z":372.8357849121094},"rotation":{"x":-0.3986857235431671,"y":0.19976535439491273,"z":-0.0884331464767456,"w":-0.8915917873382568},"size":282.42327880859377,"orthographic":false}