{"cameraMode":{"drawMode":0,"name":"Shaded","section":"Shading Mode"},"sceneLighting":true,"audioPlay":false,"sceneViewState":{"showFog":true,"showMaterialUpdate":false,"showSkybox":false,"showFlares":true,"showImageEffects":true,"showParticleSystems":true},"in2DMode":false,"pivot":{"x":45.51662063598633,"y":-1204.0814208984375,"z":-304.4946594238281},"rotation":{"x":-0.027384426444768907,"y":0.7912505865097046,"z":-0.6140173077583313,"w":-0.005829215049743652},"size":686.1082153320313,"orthographic":false}