{"cameraMode":{"drawMode":0,"name":"Shaded","section":"Shading Mode"},"sceneLighting":true,"audioPlay":false,"sceneViewState":{"showFog":true,"showMaterialUpdate":false,"showSkybox":false,"showFlares":true,"showImageEffects":true,"showParticleSystems":true},"in2DMode":false,"pivot":{"x":-516.843994140625,"y":-810.47802734375,"z":-275.6860046386719},"rotation":{"x":-0.23653866350650788,"y":0.7582783102989197,"z":-0.3771563470363617,"w":-0.47869622707366946},"size":535.1351928710938,"orthographic":false}