{"cameraMode":{"drawMode":0,"name":"Shaded","section":"Shading Mode"},"sceneLighting":true,"audioPlay":false,"sceneViewState":{"showFog":true,"showMaterialUpdate":false,"showSkybox":false,"showFlares":true,"showImageEffects":true,"showParticleSystems":true},"in2DMode":false,"pivot":{"x":242.92129516601563,"y":-550.6537475585938,"z":-25.312786102294923},"rotation":{"x":0.375148206949234,"y":0.6054287552833557,"z":-0.38511931896209719,"w":0.5877084732055664},"size":358.33331298828127,"orthographic":false}