{"cameraMode":{"drawMode":0,"name":"Shaded","section":"Shading Mode"},"sceneLighting":true,"audioPlay":false,"sceneViewState":{"showFog":true,"showMaterialUpdate":false,"showSkybox":false,"showFlares":true,"showImageEffects":true,"showParticleSystems":true},"in2DMode":false,"pivot":{"x":0.5815163850784302,"y":72.1384048461914,"z":80.91217041015625},"rotation":{"x":-0.02064279280602932,"y":-0.9146661162376404,"z":0.40187036991119387,"w":-0.045556019991636279},"size":1.4021002054214478,"orthographic":false}