{"cameraMode":{"drawMode":0,"name":"Shaded","section":"Shading Mode"},"sceneLighting":true,"audioPlay":false,"sceneViewState":{"showFog":true,"showMaterialUpdate":false,"showSkybox":false,"showFlares":true,"showImageEffects":true,"showParticleSystems":true},"in2DMode":false,"pivot":{"x":-945.45263671875,"y":-523.7573852539063,"z":-373.1524658203125},"rotation":{"x":-0.12607669830322267,"y":0.8075351715087891,"z":-0.18989324569702149,"w":-0.545089840888977},"size":638.5411376953125,"orthographic":false}