{"cameraMode":{"drawMode":0,"name":"Shaded","section":"Shading Mode"},"sceneLighting":false,"audioPlay":false,"sceneViewState":{"showFog":true,"showMaterialUpdate":false,"showSkybox":false,"showFlares":true,"showImageEffects":true,"showParticleSystems":true},"in2DMode":false,"pivot":{"x":27.413087844848634,"y":2.5229907035827638,"z":-0.12742267549037934},"rotation":{"x":-0.09317228943109513,"y":0.8484692573547363,"z":-0.1449601799249649,"w":-0.503474771976471},"size":2.858168601989746,"orthographic":false}