{"cameraMode":{"drawMode":0,"name":"Shaded","section":"Shading Mode"},"sceneLighting":true,"audioPlay":false,"sceneViewState":{"showFog":true,"showMaterialUpdate":false,"showSkybox":false,"showFlares":true,"showImageEffects":true,"showParticleSystems":true},"in2DMode":false,"pivot":{"x":-900.6455078125,"y":-573.2530517578125,"z":-83.20503997802735},"rotation":{"x":-0.18095539510250092,"y":0.7086540460586548,"z":-0.19657425582408906,"w":-0.6538662910461426},"size":674.0728149414063,"orthographic":false}