{"cameraMode":{"drawMode":0,"name":"Shaded","section":"Shading Mode"},"sceneLighting":true,"audioPlay":false,"sceneViewState":{"showFog":true,"showMaterialUpdate":false,"showSkybox":false,"showFlares":true,"showImageEffects":true,"showParticleSystems":true},"in2DMode":false,"pivot":{"x":-937.5299072265625,"y":-745.8978881835938,"z":-121.54498291015625},"rotation":{"x":-0.20979946851730348,"y":0.7120166420936585,"z":-0.23847462236881257,"w":-0.6281786561012268},"size":649.9628295898438,"orthographic":false}