{"cameraMode":{"drawMode":0,"name":"Shaded","section":"Shading Mode"},"sceneLighting":true,"audioPlay":false,"sceneViewState":{"showFog":true,"showMaterialUpdate":false,"showSkybox":false,"showFlares":true,"showImageEffects":true,"showParticleSystems":true},"in2DMode":false,"pivot":{"x":180.6963348388672,"y":88.65721130371094,"z":-211.73863220214845},"rotation":{"x":0.044859252870082858,"y":-0.045974135398864749,"z":-0.004367882385849953,"w":-0.998605489730835},"size":56.346107482910159,"orthographic":false}