{"cameraMode":{"drawMode":0,"name":"Shaded","section":"Shading Mode"},"sceneLighting":true,"audioPlay":false,"sceneViewState":{"showFog":true,"showMaterialUpdate":false,"showSkybox":false,"showFlares":true,"showImageEffects":true,"showParticleSystems":true},"in2DMode":false,"pivot":{"x":-615.0114135742188,"y":-517.27392578125,"z":-696.71875},"rotation":{"x":-0.09067120403051377,"y":0.9009431004524231,"z":-0.2282237410545349,"w":-0.3610684871673584},"size":569.5602416992188,"orthographic":false}