{"cameraMode":{"drawMode":0,"name":"Shaded","section":"Shading Mode"},"sceneLighting":true,"audioPlay":false,"sceneViewState":{"showFog":true,"showMaterialUpdate":false,"showSkybox":false,"showFlares":true,"showImageEffects":true,"showParticleSystems":true},"in2DMode":false,"pivot":{"x":930.8067016601563,"y":-1105.240478515625,"z":-535.6334838867188},"rotation":{"x":-0.19871574640274049,"y":-0.7952112555503845,"z":0.3459814786911011,"w":-0.45957276225090029},"size":780.0202026367188,"orthographic":false}