{"cameraMode":{"drawMode":0,"name":"Shaded","section":"Shading Mode"},"sceneLighting":true,"audioPlay":false,"sceneViewState":{"showFog":true,"showMaterialUpdate":false,"showSkybox":false,"showFlares":true,"showImageEffects":true,"showParticleSystems":true},"in2DMode":false,"pivot":{"x":-333.60198974609377,"y":-956.362060546875,"z":-32.21213912963867},"rotation":{"x":-0.3794059157371521,"y":0.6133685111999512,"z":-0.42724695801734927,"w":-0.5462661981582642},"size":623.5565795898438,"orthographic":false}