{"cameraMode":{"drawMode":0,"name":"Shaded","section":"Shading Mode"},"sceneLighting":true,"audioPlay":false,"sceneViewState":{"showFog":true,"showMaterialUpdate":false,"showSkybox":false,"showFlares":true,"showImageEffects":true,"showParticleSystems":true},"in2DMode":false,"pivot":{"x":-7.0074615478515629,"y":41.217140197753909,"z":26.84982681274414},"rotation":{"x":-0.0043568797409534458,"y":-0.9532395601272583,"z":0.30428346991539,"w":-0.007214067038148642},"size":2.30210018157959,"orthographic":false}