{"cameraMode":{"drawMode":0,"name":"Shaded","section":"Shading Mode"},"sceneLighting":true,"audioPlay":false,"sceneViewState":{"showFog":true,"showMaterialUpdate":false,"showSkybox":false,"showFlares":true,"showImageEffects":true,"showParticleSystems":true},"in2DMode":false,"pivot":{"x":19.8056640625,"y":10.113739013671875,"z":7.84832763671875},"rotation":{"x":-0.23275721073150636,"y":0.4365423023700714,"z":-0.11806853115558624,"w":-0.8611883521080017},"size":46.57896041870117,"orthographic":false}