{"cameraMode":{"drawMode":0,"name":"Shaded","section":"Shading Mode"},"sceneLighting":true,"audioPlay":false,"sceneViewState":{"showFog":true,"showMaterialUpdate":false,"showSkybox":false,"showFlares":true,"showImageEffects":true,"showParticleSystems":true},"in2DMode":false,"pivot":{"x":555.3802490234375,"y":-567.2450561523438,"z":365.0771179199219},"rotation":{"x":0.31585410237312319,"y":0.4125533103942871,"z":-0.16431020200252534,"w":0.8404601812362671},"size":461.68524169921877,"orthographic":false}