{"cameraMode":{"drawMode":0,"name":"Shaded","section":"Shading Mode"},"sceneLighting":false,"audioPlay":false,"sceneViewState":{"showFog":true,"showMaterialUpdate":false,"showSkybox":false,"showFlares":true,"showImageEffects":true,"showParticleSystems":true},"in2DMode":false,"pivot":{"x":4.324615478515625,"y":3.907170057296753,"z":2.1093170642852785},"rotation":{"x":-0.1404394507408142,"y":0.8222973346710205,"z":-0.23051077127456666,"w":-0.5009908676147461},"size":0.36742347478866579,"orthographic":false}