{"cameraMode":{"drawMode":0,"name":"Shaded","section":"Shading Mode"},"sceneLighting":true,"audioPlay":false,"sceneViewState":{"showFog":true,"showMaterialUpdate":false,"showSkybox":false,"showFlares":true,"showImageEffects":true,"showParticleSystems":true},"in2DMode":false,"pivot":{"x":1057.490478515625,"y":-819.0819091796875,"z":935.3743896484375},"rotation":{"x":0.2289123237133026,"y":0.4002276659011841,"z":-0.10404938459396362,"w":0.88283771276474},"size":888.330078125,"orthographic":false}