{"cameraMode":{"drawMode":0,"name":"Shaded","section":"Shading Mode"},"sceneLighting":false,"audioPlay":false,"sceneViewState":{"showFog":true,"showMaterialUpdate":false,"showSkybox":false,"showFlares":true,"showImageEffects":true,"showParticleSystems":true},"in2DMode":false,"pivot":{"x":3.30363130569458,"y":3.7681705951690676,"z":0.2125968188047409},"rotation":{"x":0.28193944692611697,"y":-0.6370203495025635,"z":0.27418118715286257,"w":0.6630703806877136},"size":1.9865005016326905,"orthographic":false}