{"cameraMode":{"drawMode":0,"name":"Shaded","section":"Shading Mode"},"sceneLighting":false,"audioPlay":false,"sceneViewState":{"showFog":true,"showMaterialUpdate":false,"showSkybox":false,"showFlares":true,"showImageEffects":true,"showParticleSystems":true},"in2DMode":false,"pivot":{"x":12.153290748596192,"y":1.5770825147628785,"z":7.222806453704834},"rotation":{"x":-0.11723937094211579,"y":0.7465629577636719,"z":-0.12629123032093049,"w":-0.6450047492980957},"size":1.7785282135009766,"orthographic":false}