{"cameraMode":{"drawMode":0,"name":"Shaded","section":"Shading Mode"},"sceneLighting":false,"audioPlay":false,"sceneViewState":{"showFog":true,"showMaterialUpdate":false,"showSkybox":false,"showFlares":true,"showImageEffects":true,"showParticleSystems":true},"in2DMode":false,"pivot":{"x":2.133148193359375,"y":0.8725022077560425,"z":1.7155053615570069},"rotation":{"x":0.05921287462115288,"y":-0.8314496278762817,"z":0.09442603588104248,"w":0.5444247126579285},"size":0.48650062084198,"orthographic":false}