{"cameraMode":{"drawMode":0,"name":"Shaded","section":"Shading Mode"},"sceneLighting":true,"audioPlay":false,"sceneViewState":{"showFog":true,"showMaterialUpdate":false,"showSkybox":false,"showFlares":true,"showImageEffects":true,"showParticleSystems":true},"in2DMode":false,"pivot":{"x":441.0243225097656,"y":-456.56170654296877,"z":-4.768562316894531},"rotation":{"x":0.27103549242019656,"y":0.7016606330871582,"z":-0.3410671055316925,"w":0.5654083490371704},"size":317.1075439453125,"orthographic":false}