{"cameraMode":{"drawMode":0,"name":"Shaded","section":"Shading Mode"},"sceneLighting":false,"audioPlay":false,"sceneViewState":{"showFog":true,"showMaterialUpdate":false,"showSkybox":false,"showFlares":true,"showImageEffects":true,"showParticleSystems":true},"in2DMode":false,"pivot":{"x":1.156165361404419,"y":1.9658706188201905,"z":-1.2489088773727418},"rotation":{"x":-0.2592044174671173,"y":0.39408227801322939,"z":-0.11687533557415009,"w":-0.8740007281303406},"size":0.36742347478866579,"orthographic":false}