{"cameraMode":{"drawMode":0,"name":"Shaded","section":"Shading Mode"},"sceneLighting":true,"audioPlay":false,"sceneViewState":{"showFog":true,"showMaterialUpdate":false,"showSkybox":false,"showFlares":true,"showImageEffects":true,"showParticleSystems":true},"in2DMode":false,"pivot":{"x":796.2221069335938,"y":-998.1343383789063,"z":-180.77597045898438},"rotation":{"x":0.25247713923454287,"y":0.7120717763900757,"z":-0.35415318608283999,"w":0.5546356439590454},"size":686.1082153320313,"orthographic":false}