{"cameraMode":{"drawMode":0,"name":"Shaded","section":"Shading Mode"},"sceneLighting":true,"audioPlay":false,"sceneViewState":{"showFog":true,"showMaterialUpdate":false,"showSkybox":false,"showFlares":true,"showImageEffects":true,"showParticleSystems":true},"in2DMode":false,"pivot":{"x":-51.93777847290039,"y":-10.832660675048829,"z":-48.50435256958008},"rotation":{"x":-0.07536473125219345,"y":0.9230982065200806,"z":-0.2259531319141388,"w":-0.30444982647895815},"size":24.952533721923829,"orthographic":false}