{"cameraMode":{"drawMode":0,"name":"Shaded","section":"Shading Mode"},"sceneLighting":true,"audioPlay":false,"sceneViewState":{"showFog":true,"showMaterialUpdate":false,"showSkybox":false,"showFlares":true,"showImageEffects":true,"showParticleSystems":true},"in2DMode":false,"pivot":{"x":117.92105102539063,"y":-1273.0679931640625,"z":-790.8961181640625},"rotation":{"x":-0.018885426223278047,"y":-0.8730523586273193,"z":0.48872920870780947,"w":-0.03465386480093002},"size":789.5650024414063,"orthographic":false}