{"cameraMode":{"drawMode":0,"name":"Shaded","section":"Shading Mode"},"sceneLighting":true,"audioPlay":false,"sceneViewState":{"showFog":true,"showMaterialUpdate":false,"showSkybox":false,"showFlares":true,"showImageEffects":true,"showParticleSystems":true},"in2DMode":false,"pivot":{"x":-371.3682556152344,"y":-326.6830749511719,"z":-161.6358642578125},"rotation":{"x":-0.18709246814250947,"y":0.7753084301948547,"z":-0.2533126175403595,"w":-0.5502730011940002},"size":295.6604309082031,"orthographic":false}